Stat;CO2;BNP/capita;Befolkningsmängd;Region
Afghanistan;0.254;571;38000000;south_asia
Albania;1.59;5210;2880000;europe_central_asia
Algeria;3.69;4710;43100000;middle_east_north_africa
Angola;1.12;3100;31800000;sub_saharan_africa
Antigua and Barbuda;5.88;15700;97100;america
Argentina;4.41;9730;44800000;america
Armenia;1.89;4730;2960000;europe_central_asia
Australia;16.9;57100;25200000;east_asia_pacific
Austria;7.75;50700;8960000;europe_central_asia
Azerbaijan;3.7;5880;10000000;europe_central_asia
Bahamas;4.7;27500;389000;america
Bahrain;19.8;20900;1640000;middle_east_north_africa
Bangladesh;0.531;1290;163000000;south_asia
Barbados;4.48;16100;287000;america
Belarus;6.93;6680;9450000;europe_central_asia
Belgium;8.69;47500;11500000;europe_central_asia
Belize;1.5;4150;390000;america
Benin;0.623;1260;11800000;sub_saharan_africa
Bolivia;1.96;2580;11500000;america
Bosnia and Herzegovina;6.53;6240;3300000;europe_central_asia
Botswana;2.96;8090;2300000;sub_saharan_africa
Brazil;2.18;11100;211000000;america
Brunei;18.5;32300;433000;east_asia_pacific
Bulgaria;6.32;9030;7000000;europe_central_asia
Burkina Faso;0.198;822;20300000;sub_saharan_africa
Burundi;0.0467;208;11500000;sub_saharan_africa
Cambodia;0.64;1270;16500000;east_asia_pacific
Cameroon;0.323;1520;25900000;sub_saharan_africa
Canada;15.3;51600;37400000;america
Cape Verde;1.16;3910;550000;sub_saharan_africa
Central African Republic;0.0651;384;4750000;sub_saharan_africa
Chad;0.0656;814;15900000;sub_saharan_africa
Chile;4.59;15100;19000000;america
China;7.06;8250;1430000000;east_asia_pacific
Colombia;1.96;7840;50300000;america
Comoros;0.263;1410;851000;sub_saharan_africa
Congo. Dem. Rep.;0.0243;424;86800000;sub_saharan_africa
Congo. Rep.;0.617;2610;5380000;sub_saharan_africa
Costa Rica;1.61;10000;5050000;america
Cote d'Ivoire;0.335;1740;25700000;sub_saharan_africa
Croatia;4.48;16500;4130000;europe_central_asia
Cyprus;6.3;32100;1200000;europe_central_asia
Czech Republic;9.94;23800;10700000;europe_central_asia
Denmark;6.06;65100;5770000;europe_central_asia
Dominican Republic;2.34;8010;10700000;america
Ecuador;2.46;5100;17400000;america
Egypt;2.43;3010;100000000;middle_east_north_africa
El Salvador;1.11;3570;6450000;america
Equatorial Guinea;4.35;9240;1360000;sub_saharan_africa
Estonia;14.8;20700;1330000;europe_central_asia
Ethiopia;0.137;602;112000000;sub_saharan_africa
Fiji;2.41;4810;890000;east_asia_pacific
Finland;8.52;49200;5530000;europe_central_asia
France;5.2;44300;65100000;europe_central_asia
Gabon;2.53;9130;2170000;sub_saharan_africa
Gambia;0.268;809;2350000;sub_saharan_africa
Georgia;2.64;4990;4000000;europe_central_asia
Germany;9.14;47600;83500000;europe_central_asia
Ghana;0.615;1880;30400000;sub_saharan_africa
Greece;7.03;24000;10500000;europe_central_asia
Grenada;2.43;9330;112000;america
Guatemala;1.07;3410;17600000;america
Guinea;0.256;921;12800000;sub_saharan_africa
Guinea-Bissau;0.181;635;1920000;sub_saharan_africa
Guyana;3.12;4160;783000;america
Haiti;0.27;714;11300000;america
Honduras;1.04;2240;9750000;america
Hungary;5.14;17500;9680000;europe_central_asia
Iceland;10.8;51300;339000;europe_central_asia
India;1.96;2170;1370000000;south_asia
Indonesia;2.3;4450;271000000;east_asia_pacific
Iraq;5.32;5590;39300000;middle_east_north_africa
Ireland;8.09;79700;4880000;europe_central_asia
Israel;7.67;35300;8520000;middle_east_north_africa
Italy;5.58;35600;60600000;europe_central_asia
Jamaica;2.79;4870;2950000;america
Japan;9.14;49200;127000000;east_asia_pacific
Jordan;2.42;3280;10100000;middle_east_north_africa
Kazakhstan;17.6;11500;18600000;europe_central_asia
Kenya;0.36;1240;52600000;sub_saharan_africa
Kiribati;0.601;1790;118000;east_asia_pacific
Kuwait;23.7;32700;4210000;middle_east_north_africa
Kyrgyz Republic;1.6;1120;6420000;europe_central_asia
Lao;2.74;1840;7170000;east_asia_pacific
Latvia;3.73;16700;1910000;europe_central_asia
Lebanon;3.53;5860;6860000;middle_east_north_africa
Lesotho;1.26;1380;2130000;sub_saharan_africa
Liberia;0.324;516;4940000;sub_saharan_africa
Libya;8.09;8120;6780000;middle_east_north_africa
Lithuania;4.84;18400;2760000;europe_central_asia
Luxembourg;15.9;111000;616000;europe_central_asia
Madagascar;0.163;500;27000000;sub_saharan_africa
Malawi;0.0762;524;18600000;sub_saharan_africa
Malaysia;8.08;12500;31900000;east_asia_pacific
Maldives;2.96;8210;531000;south_asia
Mali;0.187;793;19700000;sub_saharan_africa
Malta;3.61;28900;440000;europe_central_asia
Mauritania;0.605;1760;4530000;sub_saharan_africa
Mauritius;3.83;10900;1270000;sub_saharan_africa
Mexico;3.79;10300;128000000;america
Moldova;1.27;3720;4040000;europe_central_asia
Mongolia;8.88;4350;3230000;east_asia_pacific
Montenegro;3.2;8550;628000;europe_central_asia
Morocco;1.84;3400;36500000;middle_east_north_africa
Mozambique;0.281;587;30400000;sub_saharan_africa
Myanmar;0.491;1610;54000000;east_asia_pacific
Namibia;1.75;5770;2490000;sub_saharan_africa
Nepal;0.337;859;28600000;south_asia
Netherlands;9.48;55700;17100000;europe_central_asia
New Zealand;7.34;39000;4780000;east_asia_pacific
Nicaragua;0.862;1760;6550000;america
Niger;0.103;558;23300000;sub_saharan_africa
Nigeria;0.65;2390;201000000;sub_saharan_africa
North Macedonia;3.49;5630;2080000;europe_central_asia
Norway;8.31;92600;5380000;europe_central_asia
Oman;13.9;15000;4970000;middle_east_north_africa
Pakistan;1.05;1190;217000000;south_asia
Panama;2.62;11900;4250000;america
Papua New Guinea;0.911;2510;8780000;east_asia_pacific
Paraguay;1.07;5310;7040000;america
Peru;1.74;6490;32500000;america
Philippines;1.27;3340;108000000;east_asia_pacific
Poland;9.07;17400;37900000;europe_central_asia
Portugal;4.97;24600;10200000;europe_central_asia
Qatar;38;62000;2830000;middle_east_north_africa
Romania;3.8;12100;19400000;europe_central_asia
Russia;11.7;12000;146000000;europe_central_asia
Rwanda;0.0913;905;12600000;sub_saharan_africa
Samoa;1.32;3860;197000;east_asia_pacific
Sao Tome and Principe;0.587;1300;215000;sub_saharan_africa
Saudi Arabia;18.4;20500;34300000;middle_east_north_africa
Senegal;0.739;1580;16300000;sub_saharan_africa
Serbia;5.17;7210;8770000;europe_central_asia
Seychelles;6.75;15000;97700;sub_saharan_africa
Sierra Leone;0.141;488;7810000;sub_saharan_africa
Singapore;7.1;58800;5800000;east_asia_pacific
Slovak Republic;6.61;21000;5460000;europe_central_asia
Slovenia;6.95;27200;2080000;europe_central_asia
Solomon Islands;0.273;1480;670000;east_asia_pacific
South Africa;8.1;7350;58600000;sub_saharan_africa
South Korea;12.9;28600;51200000;east_asia_pacific
Spain;5.75;33300;46700000;europe_central_asia
Sri Lanka;1.1;4010;21300000;south_asia
St. Lucia;2.31;9350;183000;america
St. Vincent and the Grenadines;2.03;6850;111000;america
Sudan;0.504;1720;42800000;sub_saharan_africa
Suriname;3.1;7970;581000;america
Sweden;4.12;58000;10000000;europe_central_asia
Switzerland;4.33;79400;8590000;europe_central_asia
Tajikistan;0.603;1120;9320000;europe_central_asia
Tanzania;0.222;985;58000000;sub_saharan_africa
Thailand;4.15;6500;69600000;east_asia_pacific
Timor-Leste;0.412;860;1290000;east_asia_pacific
Togo;0.434;696;8080000;sub_saharan_africa
Trinidad and Tobago;31.3;15100;1390000;america
Tunisia;2.73;4410;11700000;middle_east_north_africa
Turkey;5.2;15000;83400000;europe_central_asia
Uganda;0.135;957;44300000;sub_saharan_africa
Ukraine;5.09;3220;44000000;europe_central_asia
United Arab Emirates;21.4;41400;9770000;middle_east_north_africa
United Kingdom;5.65;43700;67500000;europe_central_asia
United States;16.6;55700;329000000;america
Uruguay;2.01;14600;3460000;america
Uzbekistan;2.81;2460;33000000;europe_central_asia
Vanuatu;0.529;2870;300000;east_asia_pacific
Vietnam;2.16;2080;96500000;east_asia_pacific
Zambia;0.302;1660;17900000;sub_saharan_africa
Zimbabwe;0.85;1180;14600000;sub_saharan_africa
